{"_format":"","paths":{"artifacts":"out","build_infos":"out/build-info","sources":"src","tests":"test","scripts":"script","libraries":["lib","node_modules"]},"files":{"contracts/TruthVerification.sol":{"lastModificationDate":1767952163262,"contentHash":"8fcbce7456591c2f","interfaceReprHash":null,"sourceName":"contracts/TruthVerification.sol","imports":[],"versionRequirement":"^0.8.19","artifacts":{"TruthVerification":{"0.8.33":{"default":{"path":"TruthVerification.sol/TruthVerification.json","build_id":"6c33678ec65a063f"}}}},"seenByCompiler":true},"lib/forge-std/src/Base.sol":{"lastModificationDate":1767951896004,"contentHash":"057da15af4544b7a","interfaceReprHash":null,"sourceName":"lib/forge-std/src/Base.sol","imports":["lib/forge-std/src/StdStorage.sol","lib/forge-std/src/Vm.sol"],"versionRequirement":">=0.8.13, <0.9.0","artifacts":{"CommonBase":{"0.8.33":{"default":{"path":"Base.sol/CommonBase.json","build_id":"ced4f1dcb6f68414"}}},"ScriptBase":{"0.8.33":{"default":{"path":"Base.sol/ScriptBase.json","build_id":"ced4f1dcb6f68414"}}},"TestBase":{"0.8.33":{"default":{"path":"Base.sol/TestBase.json","build_id":"ced4f1dcb6f68414"}}}},"seenByCompiler":true},"lib/forge-std/src/Script.sol":{"lastModificationDate":1767951896030,"contentHash":"f2808a0770d1b6a2","interfaceReprHash":null,"sourceName":"lib/forge-std/src/Script.sol","imports":["lib/forge-std/src/Base.sol","lib/forge-std/src/StdChains.sol","lib/forge-std/src/StdCheats.sol","lib/forge-std/src/StdConstants.sol","lib/forge-std/src/StdJson.sol","lib/forge-std/src/StdMath.sol","lib/forge-std/src/StdStorage.sol","lib/forge-std/src/StdStyle.sol","lib/forge-std/src/StdUtils.sol","lib/forge-std/src/Vm.sol","lib/forge-std/src/console.sol","lib/forge-std/src/console2.sol","lib/forge-std/src/interfaces/IMulticall3.sol","lib/forge-std/src/safeconsole.sol"],"versionRequirement":">=0.8.13, <0.9.0","artifacts":{"Script":{"0.8.33":{"default":{"path":"Script.sol/Script.json","build_id":"ced4f1dcb6f68414"}}}},"seenByCompiler":true},"lib/forge-std/src/StdAssertions.sol":{"lastModificationDate":1767951896041,"contentHash":"7bf8f8dd736b7b28","interfaceReprHash":null,"sourceName":"lib/forge-std/src/StdAssertions.sol","imports":["lib/forge-std/src/Vm.sol"],"versionRequirement":">=0.8.13, <0.9.0","artifacts":{"StdAssertions":{"0.8.33":{"default":{"path":"StdAssertions.sol/StdAssertions.json","build_id":"ced4f1dcb6f68414"}}}},"seenByCompiler":true},"lib/forge-std/src/StdChains.sol":{"lastModificationDate":1767951896049,"contentHash":"37547492f43f9670","interfaceReprHash":null,"sourceName":"lib/forge-std/src/StdChains.sol","imports":["lib/forge-std/src/Vm.sol"],"versionRequirement":">=0.8.13, <0.9.0","artifacts":{"StdChains":{"0.8.33":{"default":{"path":"StdChains.sol/StdChains.json","build_id":"ced4f1dcb6f68414"}}}},"seenByCompiler":true},"lib/forge-std/src/StdCheats.sol":{"lastModificationDate":1767951896056,"contentHash":"5ac6d1c1eff06e2e","interfaceReprHash":null,"sourceName":"lib/forge-std/src/StdCheats.sol","imports":["lib/forge-std/src/StdStorage.sol","lib/forge-std/src/Vm.sol","lib/forge-std/src/console.sol","lib/forge-std/src/console2.sol"],"versionRequirement":">=0.8.13, <0.9.0","artifacts":{"StdCheats":{"0.8.33":{"default":{"path":"StdCheats.sol/StdCheats.json","build_id":"ced4f1dcb6f68414"}}},"StdCheatsSafe":{"0.8.33":{"default":{"path":"StdCheats.sol/StdCheatsSafe.json","build_id":"ced4f1dcb6f68414"}}}},"seenByCompiler":true},"lib/forge-std/src/StdConstants.sol":{"lastModificationDate":1767951896073,"contentHash":"6e64e3e0f1e270b1","interfaceReprHash":null,"sourceName":"lib/forge-std/src/StdConstants.sol","imports":["lib/forge-std/src/Vm.sol","lib/forge-std/src/interfaces/IMulticall3.sol"],"versionRequirement":">=0.8.13, <0.9.0","artifacts":{"StdConstants":{"0.8.33":{"default":{"path":"StdConstants.sol/StdConstants.json","build_id":"ced4f1dcb6f68414"}}}},"seenByCompiler":true},"lib/forge-std/src/StdError.sol":{"lastModificationDate":1767951896081,"contentHash":"aa3090ae1422ce31","interfaceReprHash":null,"sourceName":"lib/forge-std/src/StdError.sol","imports":[],"versionRequirement":">=0.8.13, <0.9.0","artifacts":{"stdError":{"0.8.33":{"default":{"path":"StdError.sol/stdError.json","build_id":"ced4f1dcb6f68414"}}}},"seenByCompiler":true},"lib/forge-std/src/StdInvariant.sol":{"lastModificationDate":1767951896088,"contentHash":"d793abf5e6d9aed5","interfaceReprHash":null,"sourceName":"lib/forge-std/src/StdInvariant.sol","imports":[],"versionRequirement":">=0.8.13, <0.9.0","artifacts":{"StdInvariant":{"0.8.33":{"default":{"path":"StdInvariant.sol/StdInvariant.json","build_id":"ced4f1dcb6f68414"}}}},"seenByCompiler":true},"lib/forge-std/src/StdJson.sol":{"lastModificationDate":1767951896095,"contentHash":"deb75521f38fb99f","interfaceReprHash":null,"sourceName":"lib/forge-std/src/StdJson.sol","imports":["lib/forge-std/src/Vm.sol"],"versionRequirement":">=0.8.13, <0.9.0","artifacts":{"stdJson":{"0.8.33":{"default":{"path":"StdJson.sol/stdJson.json","build_id":"ced4f1dcb6f68414"}}}},"seenByCompiler":true},"lib/forge-std/src/StdMath.sol":{"lastModificationDate":1767951896104,"contentHash":"393b2ec0becc479a","interfaceReprHash":null,"sourceName":"lib/forge-std/src/StdMath.sol","imports":[],"versionRequirement":">=0.8.13, <0.9.0","artifacts":{"stdMath":{"0.8.33":{"default":{"path":"StdMath.sol/stdMath.json","build_id":"ced4f1dcb6f68414"}}}},"seenByCompiler":true},"lib/forge-std/src/StdStorage.sol":{"lastModificationDate":1767951896117,"contentHash":"918bfa1df9612032","interfaceReprHash":null,"sourceName":"lib/forge-std/src/StdStorage.sol","imports":["lib/forge-std/src/Vm.sol"],"versionRequirement":">=0.8.13, <0.9.0","artifacts":{"stdStorage":{"0.8.33":{"default":{"path":"StdStorage.sol/stdStorage.json","build_id":"ced4f1dcb6f68414"}}},"stdStorageSafe":{"0.8.33":{"default":{"path":"StdStorage.sol/stdStorageSafe.json","build_id":"ced4f1dcb6f68414"}}}},"seenByCompiler":true},"lib/forge-std/src/StdStyle.sol":{"lastModificationDate":1767951896126,"contentHash":"dd683e581612d9d7","interfaceReprHash":null,"sourceName":"lib/forge-std/src/StdStyle.sol","imports":["lib/forge-std/src/Vm.sol"],"versionRequirement":">=0.8.13, <0.9.0","artifacts":{"StdStyle":{"0.8.33":{"default":{"path":"StdStyle.sol/StdStyle.json","build_id":"ced4f1dcb6f68414"}}}},"seenByCompiler":true},"lib/forge-std/src/StdToml.sol":{"lastModificationDate":1767951896133,"contentHash":"13feb0c412102b9f","interfaceReprHash":null,"sourceName":"lib/forge-std/src/StdToml.sol","imports":["lib/forge-std/src/Vm.sol"],"versionRequirement":">=0.8.13, <0.9.0","artifacts":{"stdToml":{"0.8.33":{"default":{"path":"StdToml.sol/stdToml.json","build_id":"ced4f1dcb6f68414"}}}},"seenByCompiler":true},"lib/forge-std/src/StdUtils.sol":{"lastModificationDate":1767951896141,"contentHash":"c82e7e04785854c2","interfaceReprHash":null,"sourceName":"lib/forge-std/src/StdUtils.sol","imports":["lib/forge-std/src/StdConstants.sol","lib/forge-std/src/Vm.sol","lib/forge-std/src/interfaces/IMulticall3.sol"],"versionRequirement":">=0.8.13, <0.9.0","artifacts":{"StdUtils":{"0.8.33":{"default":{"path":"StdUtils.sol/StdUtils.json","build_id":"ced4f1dcb6f68414"}}}},"seenByCompiler":true},"lib/forge-std/src/Test.sol":{"lastModificationDate":1767951896148,"contentHash":"bd0e131f71fa5665","interfaceReprHash":null,"sourceName":"lib/forge-std/src/Test.sol","imports":["lib/forge-std/src/Base.sol","lib/forge-std/src/StdAssertions.sol","lib/forge-std/src/StdChains.sol","lib/forge-std/src/StdCheats.sol","lib/forge-std/src/StdConstants.sol","lib/forge-std/src/StdError.sol","lib/forge-std/src/StdInvariant.sol","lib/forge-std/src/StdJson.sol","lib/forge-std/src/StdMath.sol","lib/forge-std/src/StdStorage.sol","lib/forge-std/src/StdStyle.sol","lib/forge-std/src/StdToml.sol","lib/forge-std/src/StdUtils.sol","lib/forge-std/src/Vm.sol","lib/forge-std/src/console.sol","lib/forge-std/src/console2.sol","lib/forge-std/src/interfaces/IMulticall3.sol","lib/forge-std/src/safeconsole.sol"],"versionRequirement":">=0.8.13, <0.9.0","artifacts":{"Test":{"0.8.33":{"default":{"path":"Test.sol/Test.json","build_id":"ced4f1dcb6f68414"}}}},"seenByCompiler":true},"lib/forge-std/src/Vm.sol":{"lastModificationDate":1767951897774,"contentHash":"b15e170946ba249c","interfaceReprHash":null,"sourceName":"lib/forge-std/src/Vm.sol","imports":[],"versionRequirement":">=0.8.13, <0.9.0","artifacts":{"Vm":{"0.8.33":{"default":{"path":"Vm.sol/Vm.json","build_id":"ced4f1dcb6f68414"}}},"VmSafe":{"0.8.33":{"default":{"path":"Vm.sol/VmSafe.json","build_id":"ced4f1dcb6f68414"}}}},"seenByCompiler":true},"lib/forge-std/src/console.sol":{"lastModificationDate":1767951896166,"contentHash":"c2f250cceea75093","interfaceReprHash":null,"sourceName":"lib/forge-std/src/console.sol","imports":[],"versionRequirement":">=0.8.13, <0.9.0","artifacts":{"console":{"0.8.33":{"default":{"path":"console.sol/console.json","build_id":"ced4f1dcb6f68414"}}}},"seenByCompiler":true},"lib/forge-std/src/console2.sol":{"lastModificationDate":1767951896173,"contentHash":"fb84555cebe27360","interfaceReprHash":null,"sourceName":"lib/forge-std/src/console2.sol","imports":["lib/forge-std/src/console.sol"],"versionRequirement":">=0.8.13, <0.9.0","artifacts":{},"seenByCompiler":true},"lib/forge-std/src/interfaces/IMulticall3.sol":{"lastModificationDate":1767951896250,"contentHash":"731463c8fd01e759","interfaceReprHash":null,"sourceName":"lib/forge-std/src/interfaces/IMulticall3.sol","imports":[],"versionRequirement":">=0.8.13, <0.9.0","artifacts":{"IMulticall3":{"0.8.33":{"default":{"path":"IMulticall3.sol/IMulticall3.json","build_id":"ced4f1dcb6f68414"}}}},"seenByCompiler":true},"lib/forge-std/src/safeconsole.sol":{"lastModificationDate":1767951896263,"contentHash":"075ad54247fa474a","interfaceReprHash":null,"sourceName":"lib/forge-std/src/safeconsole.sol","imports":[],"versionRequirement":">=0.8.13, <0.9.0","artifacts":{"safeconsole":{"0.8.33":{"default":{"path":"safeconsole.sol/safeconsole.json","build_id":"ced4f1dcb6f68414"}}}},"seenByCompiler":true},"script/Counter.s.sol":{"lastModificationDate":1767951887630,"contentHash":"2f28174698c31b47","interfaceReprHash":null,"sourceName":"script/Counter.s.sol","imports":["lib/forge-std/src/Base.sol","lib/forge-std/src/Script.sol","lib/forge-std/src/StdChains.sol","lib/forge-std/src/StdCheats.sol","lib/forge-std/src/StdConstants.sol","lib/forge-std/src/StdJson.sol","lib/forge-std/src/StdMath.sol","lib/forge-std/src/StdStorage.sol","lib/forge-std/src/StdStyle.sol","lib/forge-std/src/StdUtils.sol","lib/forge-std/src/Vm.sol","lib/forge-std/src/console.sol","lib/forge-std/src/console2.sol","lib/forge-std/src/interfaces/IMulticall3.sol","lib/forge-std/src/safeconsole.sol","src/Counter.sol"],"versionRequirement":"^0.8.13","artifacts":{"CounterScript":{"0.8.33":{"default":{"path":"Counter.s.sol/CounterScript.json","build_id":"ced4f1dcb6f68414"}}}},"seenByCompiler":true},"src/Counter.sol":{"lastModificationDate":1767951887620,"contentHash":"11a918b87c723f51","interfaceReprHash":null,"sourceName":"src/Counter.sol","imports":[],"versionRequirement":"^0.8.13","artifacts":{"Counter":{"0.8.33":{"default":{"path":"Counter.sol/Counter.json","build_id":"ced4f1dcb6f68414"}}}},"seenByCompiler":true},"test/Counter.t.sol":{"lastModificationDate":1767951887626,"contentHash":"f4793edc3fe87617","interfaceReprHash":null,"sourceName":"test/Counter.t.sol","imports":["lib/forge-std/src/Base.sol","lib/forge-std/src/StdAssertions.sol","lib/forge-std/src/StdChains.sol","lib/forge-std/src/StdCheats.sol","lib/forge-std/src/StdConstants.sol","lib/forge-std/src/StdError.sol","lib/forge-std/src/StdInvariant.sol","lib/forge-std/src/StdJson.sol","lib/forge-std/src/StdMath.sol","lib/forge-std/src/StdStorage.sol","lib/forge-std/src/StdStyle.sol","lib/forge-std/src/StdToml.sol","lib/forge-std/src/StdUtils.sol","lib/forge-std/src/Test.sol","lib/forge-std/src/Vm.sol","lib/forge-std/src/console.sol","lib/forge-std/src/console2.sol","lib/forge-std/src/interfaces/IMulticall3.sol","lib/forge-std/src/safeconsole.sol","src/Counter.sol"],"versionRequirement":"^0.8.13","artifacts":{"CounterTest":{"0.8.33":{"default":{"path":"Counter.t.sol/CounterTest.json","build_id":"ced4f1dcb6f68414"}}}},"seenByCompiler":true}},"builds":["6c33678ec65a063f","ced4f1dcb6f68414"],"profiles":{"default":{"solc":{"optimizer":{"enabled":false,"runs":200},"metadata":{"useLiteralContent":false,"bytecodeHash":"ipfs","appendCBOR":true},"outputSelection":{"*":{"*":["abi","evm.bytecode.object","evm.bytecode.sourceMap","evm.bytecode.linkReferences","evm.deployedBytecode.object","evm.deployedBytecode.sourceMap","evm.deployedBytecode.linkReferences","evm.deployedBytecode.immutableReferences","evm.methodIdentifiers","metadata"]}},"evmVersion":"prague","viaIR":false,"libraries":{}},"vyper":{"evmVersion":"prague","outputSelection":{"*":{"*":["abi","evm.bytecode","evm.deployedBytecode"]}}}}},"preprocessed":false,"mocks":[]}